speaker_id,speaker_display,speaker_party,speaker_role,utterances,energy_security_rate,energy_minerals_rate,avg_energy_density,avg_security_density,avg_economic_density,avg_climate_density,avg_minerals_density,avg_securitization_index,speaker_cluster
MarkRutte,Mark Rutte,Unknown,Unknown,307,0.28338762214983715,0.026058631921824105,29.998715635179153,6.449978501628665,5.471622149837134,5.3515208469055375,0.4090775244299675,0.8927504363172116,0
HenkNijboer,Henk Nijboer,Unknown,Unknown,145,0.06206896551724138,0.04827586206896552,34.61990620689655,0.39887793103448277,5.284383448275862,0.9630006896551724,1.2630724137931035,0.048234811165845645,0
ChrisStoffer,Chris Stoffer,Unknown,Unknown,110,0.14545454545454545,0.0,40.13622909090909,1.7104527272727272,4.495159090909091,4.006960909090909,0.0,0.2998993178538633,0
SigridKaag,Sigrid Kaag,Unknown,Unknown,104,0.23076923076923078,0.019230769230769232,24.802031730769233,4.274098076923077,11.919644230769231,7.475370192307692,0.36162692307692307,0.31665159093043704,0
PieterOmtzigt,Pieter Omtzigt,Unknown,Unknown,101,0.22772277227722773,0.0,34.015840594059405,5.340817821782178,13.686466336633664,0.6899782178217821,0.0,0.44662201514269073,0
WopkeHoekstra,Wopke Hoekstra,Unknown,Unknown,101,0.31683168316831684,0.0,23.883957425742576,5.629544554455446,6.787266336633664,1.1368772277227723,0.05294653465346535,0.6817847169332318,0
RenskeLeijten,Renske Leijten,Unknown,Unknown,100,0.18,0.01,43.632945,2.083752,2.8064940000000003,4.792762,0.272613,0.24178571428571427,0
KajsaOllongren,Kajsa Ollongren,Unknown,Unknown,96,0.09375,0.0,26.638422916666666,1.0654447916666667,0.9497885416666666,4.880164583333333,0.02893541666666667,0.16101641414141413,0
StientjevanVeldhoven,Stientjevan Veldhoven,Unknown,Unknown,92,0.05434782608695652,0.0,23.894977173913045,0.13089673913043479,1.4514250000000002,5.198757608695653,0.9350054347826087,0.016653411099328386,0
ThierryBaudet,Thierry Baudet,Unknown,Unknown,91,0.2857142857142857,0.01098901098901099,41.0480010989011,2.92541978021978,5.879420879120879,4.194784615384616,0.015115384615384616,0.41075377613839154,0
GeertWilders,Geert Wilders,Unknown,Unknown,72,0.20833333333333334,0.0,20.811855555555557,2.626427777777778,7.418334722222222,1.996377777777778,0.0,0.24097222222222225,0
JoostEerdmans,Joost Eerdmans,Unknown,Unknown,72,0.18055555555555555,0.0,49.74305555555556,2.604875,5.236326388888889,2.637169444444444,0.0,0.2603064373897708,0
CarolaSchouten,Carola Schouten,Unknown,Unknown,68,0.10294117647058823,0.0,20.879519117647057,0.7619985294117647,3.8538823529411768,2.160480882352941,0.0,0.052941176470588235,0
TonyvanDijck,Tonyvan Dijck,Unknown,Unknown,66,0.18181818181818182,0.0,37.96772121212121,1.563169696969697,20.962966666666667,1.9437484848484847,0.0,0.11118233618233618,0
EstherOuwehand,Esther Ouwehand,Unknown,Unknown,64,0.140625,0.0,25.68845625,1.184115625,7.63320625,9.793025,0.0,0.0682753878066378,0
HugodeJonge,Hugode Jonge,Unknown,Unknown,61,0.13114754098360656,0.0,15.599913114754099,1.5961852459016392,2.1583163934426226,1.1140999999999999,0.5976770491803279,0.20491803278688525,0
LilianMarijnissen,Lilian Marijnissen,Unknown,Unknown,60,0.016666666666666666,0.0,47.66598,0.04386,3.5925083333333334,0.9542433333333334,0.0,0.00392156862745098,0
MahirAlkaya,Mahir Alkaya,Unknown,Unknown,56,0.14285714285714285,0.0,33.947758928571425,1.580694642857143,6.6868678571428575,0.5851303571428571,0.0,0.14944727891156462,0
AlexandervanHattem,Alexandervan Hattem,Unknown,Unknown,54,0.18518518518518517,0.0,30.19203333333333,1.5360129629629629,0.3063055555555556,8.366718518518518,0.0,0.22839506172839505,0
RaymondKnops,Raymond Knops,Unknown,Unknown,47,0.19148936170212766,0.0,16.75479574468085,0.6072914893617021,3.0875893617021277,2.8402617021276595,0.3223723404255319,0.05532548125633231,0
StevenvanWeyenberg,Stevenvan Weyenberg,Unknown,Unknown,45,0.15555555555555556,0.022222222222222223,27.436122222222224,3.1761822222222222,8.77179111111111,4.09176,0.46240666666666663,0.1012037037037037,0
BasvantWout,Basvant Wout,Unknown,Unknown,44,0.045454545454545456,0.0,27.41468181818182,0.2144909090909091,3.836647727272727,0.31048636363636367,0.0,0.028409090909090908,0
MustafaAmhaouch,Mustafa Amhaouch,Unknown,Unknown,43,0.32558139534883723,0.046511627906976744,25.33135348837209,8.925732558139535,4.894397674418605,4.336239534883721,2.7765744186046515,0.9385658914728683,0
FaridAzarkan,Farid Azarkan,Unknown,Unknown,41,0.24390243902439024,0.0,39.444375609756094,3.7726536585365857,11.66369756097561,1.7438243902439026,0.0,0.17529358626919603,0
BastiaanvanApeldoorn,Bastiaanvan Apeldoorn,Unknown,Unknown,39,0.23076923076923078,0.02564102564102564,28.43967435897436,4.0855461538461535,8.390348717948717,4.45475641025641,0.06677435897435897,0.3547778308647874,0
BartSnels,Bart Snels,Unknown,Unknown,38,0.10526315789473684,0.0,39.51278421052631,0.38442894736842104,7.171184210526316,3.0515210526315792,1.0121447368421053,0.05639097744360902,0
TunahanKuzu,Tunahan Kuzu,Unknown,Unknown,37,0.21621621621621623,0.02702702702702703,30.377378378378378,6.036189189189189,4.219321621621622,2.8224459459459457,0.023299999999999998,1.3513513513513513,0
AukjedeVries,Aukjede Vries,Unknown,Unknown,35,0.11428571428571428,0.02857142857142857,36.193982857142856,0.8883685714285714,5.416857142857143,0.37656285714285714,0.07037428571428571,0.06868274582560296,0
KlaasDijkhoff,Klaas Dijkhoff,Unknown,Unknown,35,0.11428571428571428,0.0,44.34522571428571,0.55432,3.105457142857143,1.065137142857143,0.0,0.2714285714285714,0
EdgarMulder,Edgar Mulder,Unknown,Unknown,34,0.20588235294117646,0.0,29.77284117647059,2.990885294117647,11.788367647058823,5.194341176470588,0.0,0.1559640522875817,0
JanPaternotte,Jan Paternotte,Unknown,Unknown,34,0.29411764705882354,0.0,43.88764411764706,7.714544117647059,10.841429411764707,5.4878470588235295,0.0,0.39558823529411763,0
KarienVanGennip,Karien Van Gennip,Unknown,Unknown,34,0.17647058823529413,0.0,36.00179411764706,2.772514705882353,17.862520588235295,0.60515,0.0,0.09816176470588235,0
DennisWiersma,Dennis Wiersma,Unknown,Unknown,32,0.125,0.0,26.53244375,1.6505781249999998,12.3265125,0.9795156250000001,0.0,0.4935461956521739,0
Gerrit-JanvanOtterloo,Gerrit- Janvan Otterloo,Unknown,Unknown,32,0.09375,0.03125,24.037971875,0.380059375,7.836403125,2.037271875,0.3541125,0.03861607142857143,0
NikoKoffeman,Niko Koffeman,Unknown,Unknown,27,0.25925925925925924,0.0,23.619303703703704,1.4669296296296297,9.4737,10.331388888888888,0.0,0.09837261503928171,0
SophieHermans,Sophie Hermans,Unknown,Unknown,27,0.18518518518518517,0.0,27.013596296296296,2.463896296296296,9.875177777777777,1.090548148148148,0.0,0.25308641975308643,0
DionGraus,Dion Graus,Unknown,Unknown,26,0.19230769230769232,0.0,18.739253846153847,1.7080769230769233,3.863326923076923,1.6133038461538463,4.696157692307692,0.2403846153846154,0
LodewijkAsscher,Lodewijk Asscher,Unknown,Unknown,26,0.07692307692307693,0.0,45.645611538461544,3.3435576923076926,3.9188923076923077,2.360307692307692,0.0,0.06923076923076923,0
MennoSnel,Menno Snel,Unknown,Unknown,26,0.07692307692307693,0.0,15.610123076923077,0.14432692307692307,5.305753846153847,7.381719230769231,0.0,0.023504273504273508,0
RoelofBisschop,Roelof Bisschop,Unknown,Unknown,26,0.34615384615384615,0.0,25.822049999999997,4.873530769230769,2.1630269230769232,9.985392307692308,0.0,0.3758241758241759,0
EvavanEsch,Evavan Esch,Unknown,Unknown,25,0.12,0.0,31.940432,1.5965440000000002,1.415016,7.829744000000001,0.0,0.08666666666666668,0
LeondeJong,Leonde Jong,Unknown,Unknown,25,0.12,0.0,47.15812,0.57846,10.386656,0.0,0.0,0.038857142857142854,0
EppoBruins,Eppo Bruins,Unknown,Unknown,24,0.16666666666666666,0.0,16.265070833333333,1.0592625,5.204558333333333,6.6566374999999995,0.0,0.26785714285714285,0
MartinvanRooijen,Martinvan Rooijen,Unknown,Unknown,24,0.2916666666666667,0.0,18.436616666666666,3.3750416666666667,9.710424999999999,3.112879166666666,0.0,0.5250204248366014,0
PeterEster,Peter Ester,Unknown,Unknown,24,0.16666666666666666,0.0,24.171566666666667,0.41398333333333337,7.958933333333333,12.559520833333332,0.0,0.1174074074074074,0
ErikRonnes,Erik Ronnes,Unknown,Unknown,23,0.0,0.0,27.284026086956523,0.0,0.17461304347826087,5.373434782608696,0.0,0.0,0
KeesvanderStaaij,Keesvander Staaij,Unknown,Unknown,23,0.34782608695652173,0.0,29.804978260869564,4.797282608695652,1.4465347826086956,4.0865217391304345,0.0,0.851449275362319,0
PieterHeerma,Pieter Heerma,Unknown,Unknown,23,0.21739130434782608,0.043478260869565216,19.75976956521739,3.896134782608696,5.752204347826087,1.0837739130434783,0.45322173913043473,0.2516722408026756,0
EelcoHeinen,Eelco Heinen,Unknown,Unknown,22,0.3181818181818182,0.0,64.26458636363635,3.24815,16.45094090909091,4.627568181818182,0.0,0.16558441558441558,0
IngevanDijk,Ingevan Dijk,Unknown,Unknown,22,0.18181818181818182,0.0,16.753513636363635,0.6150636363636364,4.537559090909091,1.4719181818181817,0.0,0.08522727272727272,0
TjeerddeGroot,Tjeerdde Groot,Unknown,Unknown,22,0.13636363636363635,0.0,19.05980909090909,2.0489727272727274,2.1941818181818182,11.132954545454545,0.0,0.05454545454545454,0
DerkjanEppink,Derkjan Eppink,Unknown,Unknown,21,0.6190476190476191,0.0,36.66604761904762,19.028338095238094,18.567114285714286,1.8598571428571429,0.0,0.9697965150972669,0
JorisBacker,Joris Backer,Unknown,Unknown,20,0.55,0.0,18.15061,16.827575000000003,3.325185,1.029855,0.0,0.8714285714285716,0
WouterKoolmees,Wouter Koolmees,Unknown,Unknown,20,0.1,0.0,10.860285000000001,0.8451850000000001,9.56787,5.077634999999999,0.0,0.125,0
BarryMadlener,Barry Madlener,Unknown,Unknown,19,0.15789473684210525,0.0,33.700794736842106,0.6725947368421052,3.345815789473684,7.873289473684211,0.0,0.10526315789473684,0
BartvanKent,Bartvan Kent,Unknown,Unknown,19,0.0,0.0,38.20493684210527,0.0,28.440736842105263,0.05175263157894736,0.0,0.0,0
JudithTielen,Judith Tielen,Unknown,Unknown,19,0.10526315789473684,0.0,22.630005263157894,0.4219684210526316,9.479915789473685,1.7046684210526315,0.0,0.043859649122807015,0
SanderDekker,Sander Dekker,Unknown,Unknown,19,0.10526315789473684,0.0,23.52511052631579,0.5831263157894737,2.885384210526316,0.0,0.0,0.07894736842105263,0
StephanvanBaarle,Stephanvan Baarle,Unknown,Unknown,19,0.05263157894736842,0.0,30.93261052631579,0.17721052631578948,13.420057894736843,0.0,0.0,0.007894736842105263,0
SylvanaSimons,Sylvana Simons,Unknown,Unknown,19,0.21052631578947367,0.0,25.36987894736842,3.5356684210526317,5.636473684210526,1.6144157894736841,0.0,0.20789473684210527,0
LiliannePloumen,Lilianne Ploumen,Unknown,Unknown,17,0.23529411764705882,0.058823529411764705,21.19194117647059,8.48040588235294,13.4535,3.1760058823529413,0.6002411764705883,0.3557422969187675,0
SelçukÖztürk,SelçukÖztürk,Unknown,Unknown,17,0.17647058823529413,0.0,39.615941176470585,2.252841176470588,2.9857294117647055,1.608376470588235,0.0,0.18487394957983194,0
TamaravanArk,Tamaravan Ark,Unknown,Unknown,17,0.11764705882352941,0.0,7.9515529411764705,0.8037352941176471,1.2607823529411766,0.3472882352941177,0.0,0.11764705882352941,0
AttjeKuiken,Attje Kuiken,Unknown,Unknown,16,0.1875,0.0,14.13088125,0.9744999999999999,10.146112500000001,1.319125,0.0,0.12351190476190475,0
MartinBosma,Martin Bosma,Unknown,Unknown,16,0.375,0.0,7.0733625,1.19880625,0.9172625,0.45775625,0.26595625,0.4017857142857143,0
CoravanNieuwenhuijzen-Wijbenga,Coravan Nieuwenhuijzen- Wijbenga,Unknown,Unknown,15,0.26666666666666666,0.0,10.52116,0.8122,2.19004,5.664033333333333,0.2008,0.08148148148148149,0
RikJanssen,Rik Janssen,Unknown,Unknown,15,0.13333333333333333,0.0,5.040306666666667,0.3696933333333334,1.2844799999999998,1.7322866666666668,0.9009,0.15,0
BrunoBruins,Bruno Bruins,Unknown,Unknown,14,0.0,0.0,11.87252142857143,4.011792857142857,0.4793857142857143,0.0,1.0486642857142858,0.2857142857142857,0
CorrievanBrenk,Corrievan Brenk,Unknown,Unknown,14,0.07142857142857142,0.0,38.852557142857144,0.09536428571428571,3.067078571428571,1.5429285714285714,0.8710785714285715,0.011904761904761904,0
DonCeder,Don Ceder,Unknown,Unknown,14,0.21428571428571427,0.0,21.559499999999996,17.335978571428573,3.6242642857142857,0.6435000000000001,0.0,1.7857142857142858,0
NiekJanvanKesteren,Niek Janvan Kesteren,Unknown,Unknown,14,0.21428571428571427,0.0,32.371764285714285,1.22865,8.0428,5.25305,0.0,0.26071428571428573,0
SadetKarabulut,Sadet Karabulut,Unknown,Unknown,14,0.5,0.0,35.752092857142856,13.737964285714286,3.2258,0.9843142857142857,0.0,1.1666666666666665,0
FarahKarimi,Farah Karimi,Unknown,Unknown,13,0.3076923076923077,0.0,33.33412307692308,4.009323076923077,2.302076923076923,6.920915384615385,0.0,0.6133510167992926,0
FerdGrapperhaus,Ferd Grapperhaus,Unknown,Unknown,13,0.38461538461538464,0.0,12.519715384615385,5.1211230769230776,0.0,0.24975384615384616,1.0989,0.9615384615384616,0
FrankFutselaar,Frank Futselaar,Unknown,Unknown,13,0.15384615384615385,0.0,34.30513076923077,0.4582307692307693,2.9312538461538464,6.948153846153845,0.0,0.03076923076923077,0
KeesVerhoeven,Kees Verhoeven,Unknown,Unknown,13,0.38461538461538464,0.0,10.35706923076923,5.483423076923076,0.6058384615384615,1.6510076923076924,0.0,1.0521978021978022,0
MaartenHijink,Maarten Hijink,Unknown,Unknown,13,0.23076923076923078,0.0,18.023115384615384,0.4594076923076923,0.5872615384615384,0.2564076923076923,0.0,0.17948717948717946,0
PaulvanMeenen,Paulvan Meenen,Unknown,Unknown,13,0.0,0.0,19.565923076923077,0.0,0.0,0.48995384615384613,0.0,0.0,0
TinyKox,Tiny Kox,Unknown,Unknown,13,0.23076923076923078,0.0,12.705276923076923,1.8200692307692306,6.902584615384615,0.5644307692307693,0.0,0.10256410256410256,0
HelmaLodders,Helma Lodders,Unknown,Unknown,12,0.25,0.0,17.045525,1.4185083333333335,3.0746333333333333,4.162941666666666,0.0,0.11805555555555554,0
HenkStaghouwer,Henk Staghouwer,Unknown,Unknown,12,0.25,0.0,32.046675,4.531933333333333,6.911233333333333,5.744283333333333,0.0,0.39814814814814814,0
HildePalland,Hilde Palland,Unknown,Unknown,12,0.08333333333333333,0.0,25.858716666666666,0.24366666666666667,6.205208333333332,0.0,0.0,0.08333333333333333,0
JacoGeurts,Jaco Geurts,Unknown,Unknown,12,0.08333333333333333,0.0,17.030533333333334,0.6150083333333333,1.4304249999999998,11.598149999999999,0.0,0.041666666666666664,0
MonaKeijzer,Mona Keijzer,Unknown,Unknown,12,0.3333333333333333,0.0,45.687108333333335,1.7783083333333334,1.1653416666666667,4.808283333333333,0.0,0.1068121693121693,0
PaulFrentrop,Paul Frentrop,Unknown,Unknown,12,0.4166666666666667,0.0,18.096966666666663,5.528341666666666,5.9986,4.102083333333333,0.0,0.4212962962962963,0
AnneMarijkePodt,Anne Marijke Podt,Unknown,Unknown,11,0.09090909090909091,0.0,26.603245454545455,4.329,3.6204363636363635,1.9588363636363637,0.0,0.09090909090909091,0
GijsvanDijk,Gijsvan Dijk,Unknown,Unknown,11,0.09090909090909091,0.0,29.22300909090909,0.37721818181818184,8.7443,0.0,0.0,0.09090909090909091,0
JobavandenBerg,Jobavanden Berg,Unknown,Unknown,11,0.09090909090909091,0.0,18.001072727272728,3.3883272727272735,7.98969090909091,0.4113545454545454,1.377409090909091,0.2727272727272727,0
JoostSneller,Joost Sneller,Unknown,Unknown,11,0.36363636363636365,0.0,5.8262636363636355,1.0983636363636364,2.5871727272727276,2.3559727272727273,0.0,0.24545454545454548,0
PaulBlokhuis,Paul Blokhuis,Unknown,Unknown,11,0.09090909090909091,0.0,8.788963636363636,0.6587636363636364,0.9664454545454546,0.0,0.0,0.18181818181818182,0
RemcoDijkstra,Remco Dijkstra,Unknown,Unknown,11,0.0,0.0,28.106345454545455,0.0,2.6012090909090912,4.326627272727273,0.0,0.0,0
SennaMaatoug,Senna Maatoug,Unknown,Unknown,11,0.09090909090909091,0.0,30.85729090909091,0.3270090909090909,12.137527272727272,0.4467272727272727,0.0,0.0303030303030303,0
AlexanderHammelburg,Alexander Hammelburg,Unknown,Unknown,10,0.0,0.0,29.06322,0.0,8.27,5.53509,0.0,0.0,0
AtzoNicolaï,Atzo Nicolaï,Unknown,Unknown,10,0.3,0.1,16.81354,0.7669499999999999,1.0753,3.2166699999999997,0.16129,0.24666666666666667,0
Evert-JanSlootweg,Evert- Jan Slootweg,Unknown,Unknown,10,0.2,0.0,21.09772,0.29927000000000004,10.84658,1.5635100000000002,0.0,0.03611111111111111,0
GideonvanMeijeren,Gideonvan Meijeren,Unknown,Unknown,10,0.2,0.0,21.28803,1.34975,0.33898,2.64787,0.0,0.25,0
NilüferGündoğan,Nilüfer Gündoğan,Unknown,Unknown,10,0.1,0.0,23.464750000000002,0.1139,19.43466,3.8108599999999995,0.0,0.01,0
OlafEphraim,Olaf Ephraim,Unknown,Unknown,10,0.5,0.0,16.44399,9.72076,13.469370000000001,0.1845,0.0,1.7925,0
SjoerdSjoerdsma,Sjoerd Sjoerdsma,Unknown,Unknown,53,0.7547169811320755,0.0,33.81494716981132,29.08097358490566,1.7240264150943396,3.336566037735849,0.0,3.498256146369354,1
BramvanOjik,Bramvan Ojik,Unknown,Unknown,28,0.7142857142857143,0.0,59.0656,30.722114285714287,1.320582142857143,1.3325607142857143,0.0,2.2392857142857143,1
RubenBrekelmans,Ruben Brekelmans,Unknown,Unknown,19,0.7368421052631579,0.0,26.126563157894736,66.95303684210526,6.505410526315789,0.35562105263157895,1.7867526315789475,5.7368421052631575,1
RaymonddeRoon,Raymondde Roon,Unknown,Unknown,17,0.5882352941176471,0.0,67.05469411764705,31.00599411764706,4.734041176470589,0.0,0.0,4.2745098039215685,1
JaspervanDijk,Jaspervan Dijk,Unknown,Unknown,16,0.625,0.0,23.16380625,27.097825,4.8011,0.0,0.0,2.7395833333333335,1
KatiPiri,Kati Piri,Unknown,Unknown,16,0.9375,0.0,16.27146875,42.4346125,2.22590625,0.0,0.0,5.09375,1
BarbaraVisser,Barbara Visser,Unknown,Unknown,14,0.7857142857142857,0.0,10.997507142857144,9.968114285714288,0.5213785714285714,1.2417142857142858,0.0,1.8928571428571428,1
MartijnvanHelvert,Martijnvan Helvert,Unknown,Unknown,12,0.8333333333333334,0.0,18.136725,37.94351666666667,0.49644166666666667,0.2302,0.0,5.416666666666667,1
BenKnapen,Ben Knapen,Unknown,Unknown,11,0.8181818181818182,0.0,20.739245454545454,26.69201818181818,2.342481818181818,1.6559909090909088,0.3523636363636364,5.2623376623376625,1
MariekeKoekkoek,Marieke Koekkoek,Unknown,Unknown,11,0.6363636363636364,0.09090909090909091,23.566763636363635,31.373054545454547,3.1195363636363638,4.6097,2.977627272727273,1.7045454545454546,1
EricWiebes,Eric Wiebes,Unknown,Unknown,390,0.05641025641025641,0.04358974358974359,39.75795307692307,0.6282676923076923,5.881881538461539,4.847968717948718,1.1751653846153847,0.03606227106227106,2
SandraBeckerman,Sandra Beckerman,Unknown,Unknown,256,0.015625,0.05859375,51.73035,0.07684843749999999,5.514287890625,3.692791796875,2.93990234375,0.00902157738095238,2
TomvanderLee,Tomvander Lee,Unknown,Unknown,256,0.140625,0.03515625,44.55317109375,4.32238515625,4.43535234375,7.329098828125,2.016342578125,0.26132347470238093,2
DilanYeşilgöz-Zegerius,Dilan Yeşilgöz- Zegerius,Unknown,Unknown,232,0.05603448275862069,0.004310344827586207,43.99930129310345,0.5838038793103448,3.655693103448276,5.86645301724138,0.43494310344827586,0.053558302892734944,2
RobJetten,Rob Jetten,Unknown,Unknown,221,0.2081447963800905,0.03167420814479638,52.0183742081448,3.5674085972850675,4.138779185520362,7.865528054298642,0.4327524886877828,0.1602492278962867,2
AlexanderKops,Alexander Kops,Unknown,Unknown,167,0.10179640718562874,0.04790419161676647,71.71924191616766,1.1286874251497006,5.799332934131737,7.803140119760479,0.4937119760479042,0.04566827882696146,2
LammertvanRaan,Lammertvan Raan,Unknown,Unknown,166,0.0963855421686747,0.03614457831325301,48.2111578313253,2.2983927710843375,7.323472289156626,11.56837891566265,0.6193897590361446,0.11049401224808737,2
MatthijsSienot,Matthijs Sienot,Unknown,Unknown,141,0.09929078014184398,0.02127659574468085,59.399607092198586,1.2475170212765958,2.4429624113475175,5.611200709219858,3.1563,0.07225599459642013,2
HenkOtten,Henk Otten,Unknown,Unknown,131,0.21374045801526717,0.015267175572519083,59.83000381679389,5.774712977099236,5.8304488549618325,3.8520999999999996,0.1249175572519084,0.2188840421664849,2
WilliamMoorlag,William Moorlag,Unknown,Unknown,126,0.06349206349206349,0.015873015873015872,49.76338492063492,1.0756166666666667,2.560652380952381,10.898189682539684,0.2002888888888889,0.08465608465608465,2
AgnesMulder,Agnes Mulder,Unknown,Unknown,122,0.09016393442622951,0.08196721311475409,44.60048852459017,1.653861475409836,1.099044262295082,3.5250827868852457,6.089333606557377,0.2229735883424408,2
SuzanneKröger,Suzanne Kröger,Unknown,Unknown,119,0.12605042016806722,0.05042016806722689,55.139521008403364,2.9740420168067225,4.624979831932773,8.98306974789916,11.036152100840336,0.12444977991196479,2
ArdaGerkens,Arda Gerkens,Unknown,Unknown,116,0.1724137931034483,0.05172413793103448,78.58674482758622,5.349866379310345,5.9499706896551725,8.586274999999999,0.9828112068965518,0.1755028735632184,2
PieterGrinwis,Pieter Grinwis,Unknown,Unknown,116,0.12931034482758622,0.04310344827586207,49.537775,2.5052241379310343,7.287040517241379,7.509864655172414,0.48745000000000005,0.08912151067323482,2
WybrenvanHaga,Wybrenvan Haga,Unknown,Unknown,116,0.22413793103448276,0.04310344827586207,51.83518448275862,5.105118965517241,6.039009482758621,4.411201724137931,1.722521551724138,0.28780343219998394,2
HansVijlbrief,Hans Vijlbrief,Unknown,Unknown,107,0.04672897196261682,0.07476635514018691,31.905314018691588,0.5108654205607477,7.044805607476636,2.621878504672897,2.2509859813084114,0.045171339563862926,2
JorisThijssen,Joris Thijssen,Unknown,Unknown,106,0.07547169811320754,0.0,59.84747547169812,1.4979641509433963,5.8336066037735845,15.282050000000002,0.0,0.07059748427672956,2
JesseKlaver,Jesse Klaver,Unknown,Unknown,103,0.10679611650485436,0.019417475728155338,45.49787669902912,2.3922077669902913,5.052852427184466,3.1157708737864076,1.1019747572815535,0.2180998613037448,2
KhadijaArib,Khadija Arib,Unknown,Unknown,100,0.13,0.01,35.412243,1.0271949999999999,2.292928,1.840036,11.130863,0.11666666666666665,2
HenriBontenbal,Henri Bontenbal,Unknown,Unknown,98,0.07142857142857142,0.02040816326530612,76.13006428571428,0.8938061224489796,4.520051020408164,10.000491836734694,0.24867857142857142,0.1368804664723032,2
ChristineTeunissen,Christine Teunissen,Unknown,Unknown,92,0.2717391304347826,0.010869565217391304,60.88169239130435,10.117584782608697,9.14778152173913,13.989347826086956,0.0988141304347826,0.463398185361101,2
VeraBergkamp,Vera Bergkamp,Unknown,Unknown,80,0.0125,0.0375,70.02638375000001,0.5,6.497166250000001,1.8105012500000002,7.479729999999999,0.0125,2
CarlaDik-Faber,Carla Dik- Faber,Unknown,Unknown,77,0.03896103896103896,0.06493506493506493,46.2373961038961,0.15704545454545454,3.2433727272727273,14.288735064935066,2.930801298701299,0.006771799628942487,2
Gert-JanSegers,Gert- Jan Segers,Unknown,Unknown,70,0.18571428571428572,0.07142857142857142,44.011134285714284,2.21603,4.775327142857143,4.372061428571428,0.8485857142857144,0.13089826839826837,2
FrankWassenberg,Frank Wassenberg,Unknown,Unknown,69,0.057971014492753624,0.028985507246376812,33.17705217391305,0.45278550724637684,1.5275130434782611,6.854,0.7672,0.026811594202898553,2
RenevanderLinden,Renevander Linden,Unknown,Unknown,65,0.12307692307692308,0.015384615384615385,54.28860153846154,2.5867169230769234,3.087966153846154,8.151373846153845,0.5698,0.28685529030356616,2
CarolinevanderPlas,Carolinevander Plas,Unknown,Unknown,64,0.203125,0.015625,37.6203359375,3.0127765625,5.0252,8.841114062499999,0.2055921875,0.4068147997835498,2
StefBlok,Stef Blok,Unknown,Unknown,64,0.359375,0.078125,27.3514265625,11.4381359375,1.893225,4.2474953125,1.302615625,1.4328125,2
KeesVendrik,Kees Vendrik,Unknown,Unknown,62,0.0967741935483871,0.0,50.864314516129035,0.8475838709677419,7.058941935483871,16.414288709677418,0.0,0.020033747614392777,2
FerdCrone,Ferd Crone,Unknown,Unknown,61,0.06557377049180328,0.01639344262295082,46.8038131147541,1.2381131147540985,9.114695081967213,8.604306557377049,0.15465573770491803,0.02966432474629196,2
MarjoleinFaber-vandeKlashorst,Marjolein Faber-vande Klashorst,Unknown,Unknown,60,0.26666666666666666,0.03333333333333333,70.50894833333334,4.265971666666667,6.396261666666666,7.674008333333333,0.07555166666666667,0.3127210967232897,2
HenkPijlman,Henk Pijlman,Unknown,Unknown,54,0.18518518518518517,0.018518518518518517,72.48463518518518,4.675614814814815,5.007622222222222,9.939425925925926,0.21533148148148148,0.24405864197530866,2
MarkHarbers,Mark Harbers,Unknown,Unknown,53,0.16981132075471697,0.05660377358490566,50.33817169811321,1.5713075471698115,3.942445283018868,8.217575471698114,0.7935339622641508,0.09522081691893013,2
RaoulBoucke,Raoul Boucke,Unknown,Unknown,51,0.0784313725490196,0.0,57.26296666666667,1.4897725490196077,4.209227450980392,12.176911764705883,0.0,0.06405228758169934,2
JessicavanEijs,Jessicavan Eijs,Unknown,Unknown,44,0.045454545454545456,0.022727272727272728,57.148174999999995,0.4051272727272728,3.890477272727273,8.302913636363636,1.9144477272727274,0.02727272727272727,2
LaurensDassen,Laurens Dassen,Unknown,Unknown,44,0.38636363636363635,0.045454545454545456,41.691345454545456,9.04664090909091,8.901079545454545,10.182729545454546,0.12424772727272729,0.6169117647058824,2
MarnixvanRij,Marnixvan Rij,Unknown,Unknown,44,0.13636363636363635,0.06818181818181818,36.065186363636364,1.4788545454545454,6.774768181818183,2.2326954545454543,0.8560977272727274,0.0711038961038961,2
ChrisJansen,Chris Jansen,Unknown,Unknown,41,0.24390243902439024,0.024390243902439025,79.92633658536586,4.125546341463415,4.363839024390244,4.968943902439024,0.4910780487804878,0.1843786295005807,2
GomvanStrien,Gomvan Strien,Unknown,Unknown,41,0.21951219512195122,0.024390243902439025,62.08055365853658,2.3174853658536585,12.675143902439023,6.4247195121951215,0.20905853658536586,0.4058046389287422,2
DanielKoerhuis,Daniel Koerhuis,Unknown,Unknown,40,0.0,0.0,65.35938,0.0,0.8494299999999999,7.83132,0.0,0.0,2
PimvanBallekom,Pimvan Ballekom,Unknown,Unknown,40,0.25,0.0,76.1029375,5.3831050000000005,5.1852925,4.9622675,0.0,0.3626893939393939,2
JanAnthonieBruijn,Jan Anthonie Bruijn,Unknown,Unknown,35,0.0,0.0,82.61574857142857,0.0,0.8905771428571428,5.957185714285714,0.0,0.0,2
PeterSchalk,Peter Schalk,Unknown,Unknown,29,0.06896551724137931,0.0,39.18706896551724,0.1860137931034483,4.535644827586207,9.798241379310344,0.0,0.014629049111807731,2
IsabelleDiks,Isabelle Diks,Unknown,Unknown,26,0.15384615384615385,0.07692307692307693,32.83744615384615,1.47125,14.30498076923077,12.177730769230768,1.334526923076923,0.4,2
LauraBromet,Laura Bromet,Unknown,Unknown,25,0.04,0.12,36.077748,0.6451600000000001,1.568176,6.719076,1.044244,0.013333333333333332,2
CemLaçin,Cem Laçin,Unknown,Unknown,24,0.08333333333333333,0.0,25.3327625,0.6388291666666667,5.6249625,5.563829166666667,8.385462500000001,0.04861111111111111,2
MickyAdriaansens,Micky Adriaansens,Unknown,Unknown,20,0.25,0.0,26.031785000000003,3.6625750000000004,2.273255,15.309684999999998,0.0,0.5625,2
SaskiaKluit,Saskia Kluit,Unknown,Unknown,19,0.21052631578947367,0.0,49.43255263157894,0.4512894736842106,3.8148263157894737,6.020242105263158,0.05605263157894737,0.03617376775271512,2
JeroenvanWijngaarden,Jeroenvan Wijngaarden,Unknown,Unknown,18,0.1111111111111111,0.05555555555555555,29.041494444444442,6.103755555555555,2.0499388888888888,0.4689111111111111,5.6142666666666665,0.8888888888888888,2
RoyvanAalst,Royvan Aalst,Unknown,Unknown,18,0.05555555555555555,0.05555555555555555,17.799916666666668,0.33068888888888887,1.8426777777777776,7.028394444444444,4.176261111111112,0.011111111111111112,2
JoopAtsma,Joop Atsma,Unknown,Unknown,17,0.23529411764705882,0.0,85.41667058823529,1.9385529411764704,0.0,2.872564705882353,0.0,0.17736185383244207,2
PaulSmeulders,Paul Smeulders,Unknown,Unknown,17,0.11764705882352941,0.0,55.24215294117647,0.36264117647058824,0.19413529411764707,10.218811764705881,0.0,0.0784313725490196,2
FaissalBoulakjar,Faissal Boulakjar,Unknown,Unknown,16,0.0,0.3125,35.23424375,0.0,0.11405,0.0,11.0302,0.0,2
MarianneThieme,Marianne Thieme,Unknown,Unknown,16,0.0625,0.125,21.6917,0.16633125,8.9665375,14.827662499999999,1.01814375,0.007142857142857143,2
AnkieBroekers-Knol,Ankie Broekers- Knol,Unknown,Unknown,14,0.21428571428571427,0.0,24.539907142857146,1.2205714285714286,0.5268142857142857,29.430192857142856,0.1649642857142857,0.40079365079365076,2
JohanDessing,Johan Dessing,Unknown,Unknown,14,0.14285714285714285,0.0,72.18700714285714,1.2382571428571427,8.120521428571427,7.0271,0.0,0.06785714285714285,2
TanjaKlip-Martin,Tanja Klip- Martin,Unknown,Unknown,13,0.07692307692307693,0.07692307692307693,21.150353846153845,0.1359076923076923,2.913746153846154,12.253246153846154,0.19111538461538463,0.07692307692307693,2
VivianneHeijnen,Vivianne Heijnen,Unknown,Unknown,12,0.0,0.0,27.606516666666664,0.0,0.8250833333333333,20.280591666666666,0.0,0.0,2
TheoRietkerk,Theo Rietkerk,Unknown,Unknown,11,0.18181818181818182,0.0,61.62529090909091,0.7134090909090909,0.5691090909090909,10.085709090909091,0.0,0.1212121212121212,2
TinekeHuizinga-Heringa,Tineke Huizinga- Heringa,Unknown,Unknown,11,0.18181818181818182,0.0,33.89595454545454,5.3907727272727275,4.128563636363636,17.461645454545454,0.0,0.9545454545454546,2
HabtamudeHoop,Habtamude Hoop,Unknown,Unknown,10,0.1,0.0,54.138999999999996,2.8571400000000002,2.06204,4.34005,0.0,0.1,2
